Id;OwnerUserId;Type
5;5;ask
7;36;ask
9;51;answer
10;22;answer
14;66;ask
15;64;ask
16;63;ask
19;84;ask
20;96;ask
21;14;answer
22;97;ask
23;97;answer
24;14;answer
25;104;answer
26;115;answer
27;108;answer
28;118;answer
29;53;answer
30;26;answer
31;118;ask
33;132;answer
35;26;ask
37;9;answer
38;134;ask
40;104;answer
41;136;ask
42;59;answer
43;115;answer
44;59;answer
45;84;answer
46;21;answer
47;62;answer
50;151;ask
51;62;answer
52;157;ask
53;116;answer
57;84;answer
58;119;answer
59;158;ask
60;118;answer
61;158;ask
62;26;answer
64;84;answer
69;158;ask
70;178;answer
71;179;ask
72;22;answer
73;14;answer
74;64;answer
75;158;ask
76;158;ask
77;158;ask
78;178;answer
81;84;ask
82;172;answer
83;26;answer
84;26;answer
85;26;answer
86;116;ask
87;108;answer
89;189;ask
90;156;answer
91;84;answer
92;21;answer
93;21;answer
94;84;ask
95;9;answer
96;115;answer
97;158;answer
101;92;answer
102;199;ask
103;113;ask
106;34;answer
107;200;ask
111;26;answer
112;70;answer
113;199;ask
115;212;ask
116;173;ask
120;92;answer
121;92;answer
122;180;answer
125;109;ask
126;26;answer
128;122;ask
129;122;ask
130;122;ask
131;26;answer
132;172;answer
133;26;answer
134;227;ask
135;227;answer
138;84;ask
139;118;answer
140;118;answer
143;229;ask
153;84;answer
154;229;answer
155;227;ask
156;118;answer
157;36;answer
158;84;answer
159;199;ask
160;156;answer
161;21;answer
162;59;answer
163;229;answer
164;208;answer
165;108;answer
166;21;answer
169;113;ask
170;84;answer
171;172;answer
172;250;ask
173;158;answer
174;172;answer
175;249;ask
176;173;ask
179;97;answer
182;21;answer
183;262;answer
184;200;ask
185;108;answer
186;133;ask
187;84;answer
188;82;answer
189;151;ask
190;173;answer
191;273;ask
192;88;ask
193;178;answer
194;108;answer
195;92;answer
196;275;ask
197;108;answer
198;88;answer
199;122;ask
200;278;answer
201;97;answer
202;108;answer
203;265;answer
204;250;answer
205;250;ask
206;172;answer
207;21;answer
208;26;answer
209;71;ask
210;283;answer
211;295;ask
212;21;answer
213;59;answer
214;295;answer
215;250;ask
216;108;answer
217;82;answer
218;273;ask
219;178;answer
220;250;answer
221;250;answer
222;43;answer
223;227;ask
224;122;ask
226;290;answer
227;339;ask
228;339;ask
229;21;answer
230;178;answer
231;133;ask
232;375;answer
233;381;answer
234;386;ask
235;122;ask
236;381;answer
237;59;answer
238;395;answer
241;403;answer
242;406;answer
243;432;answer
244;434;answer
245;432;answer
246;434;answer
247;434;answer
248;434;answer
249;434;answer
250;434;answer
251;451;answer
252;88;ask
253;456;ask
254;463;answer
255;466;answer
256;434;answer
257;11;answer
258;434;answer
259;454;answer
260;454;answer
261;480;answer
262;97;ask
263;478;answer
264;490;answer
265;434;ask
266;434;ask
268;418;answer
269;97;answer
270;478;answer
271;418;answer
272;478;answer
273;498;answer
274;434;answer
275;508;answer
276;434;answer
277;518;answer
278;524;answer
279;514;answer
280;531;ask
282;514;answer
284;84;answer
285;553;answer
286;381;answer
287;108;answer
288;381;answer
289;560;ask
290;571;answer
291;381;answer
292;587;answer
293;26;answer
294;602;answer
295;386;answer
296;14;answer
297;418;answer
298;609;answer
300;609;answer
301;609;answer
302;434;answer
303;609;answer
305;534;ask
306;434;answer
307;496;ask
308;434;answer
309;638;answer
310;555;ask
311;434;answer
312;655;answer
313;663;ask
314;178;answer
316;514;answer
317;680;answer
318;471;answer
319;691;ask
320;574;answer
323;418;ask
324;714;ask
325;434;answer
326;721;ask
327;115;answer
328;456;answer
330;729;answer
331;108;answer
332;108;answer
334;434;ask
335;478;answer
336;733;answer
337;735;answer
338;737;answer
339;514;answer
340;471;answer
341;743;answer
343;754;answer
345;554;answer
346;554;answer
347;733;answer
348;456;answer
349;780;answer
350;194;ask
351;735;answer
352;62;ask
354;791;ask
355;434;answer
356;434;ask
357;797;answer
358;587;answer
359;743;answer
360;801;answer
361;158;ask
362;737;answer
363;84;answer
364;158;answer
365;386;answer
366;780;answer
368;791;answer
369;838;ask
370;839;ask
371;434;ask
372;381;answer
373;434;answer
374;780;answer
375;418;ask
376;84;ask
377;434;answer
379;842;answer
380;842;answer
381;842;answer
382;846;ask
384;97;ask
386;780;answer
387;84;ask
388;780;answer
389;515;answer
390;21;answer
391;735;answer
393;478;answer
394;548;answer
395;548;answer
396;548;answer
397;733;answer
398;872;ask
399;735;answer
400;846;answer
401;791;answer
402;387;answer
403;880;ask
404;548;answer
405;548;answer
406;886;ask
407;227;answer
408;178;answer
409;889;answer
410;890;ask
411;890;ask
412;322;ask
413;890;answer
414;548;answer
415;548;answer
416;381;answer
417;414;answer
418;900;ask
419;901;answer
420;178;answer
421;88;ask
422;84;ask
423;84;ask
424;906;ask
425;791;answer
426;122;answer
427;908;ask
428;906;answer
429;846;answer
430;913;ask
431;743;answer
432;241;answer
433;241;answer
434;515;answer
435;917;ask
436;548;answer
437;199;ask
439;780;answer
440;922;answer
441;426;ask
442;548;answer
443;474;answer
444;418;answer
445;609;answer
446;322;answer
447;890;ask
448;418;answer
449;21;answer
450;941;answer
451;84;ask
452;403;answer
453;84;ask
454;403;ask
455;960;ask
456;322;answer
457;548;answer
458;84;ask
459;178;answer
460;984;answer
461;986;ask
462;548;answer
463;984;answer
464;984;answer
465;984;answer
466;989;ask
468;994;ask
469;906;answer
470;941;answer
471;944;answer
473;922;ask
474;957;ask
475;418;answer
477;986;ask
478;;answer
480;1004;answer
481;59;answer
482;178;answer
483;968;answer
484;1011;answer
485;1015;answer
487;1011;answer
488;1021;ask
489;1011;answer
491;941;answer
492;684;ask
493;1029;answer
494;1028;ask
495;1011;answer
496;434;answer
497;1047;ask
498;819;answer
499;819;answer
500;514;answer
501;119;answer
502;108;answer
503;1057;answer
504;684;ask
506;1011;answer
507;780;answer
508;984;answer
509;1015;answer
510;941;answer
511;97;ask
512;609;answer
513;964;answer
514;609;answer
515;426;answer
516;985;ask
517;119;answer
518;960;ask
519;454;answer
520;1085;answer
521;1061;answer
522;1011;answer
523;1096;answer
525;406;answer
526;1103;answer
527;1107;ask
529;159;answer
530;454;ask
531;793;ask
532;418;answer
533;1085;answer
534;883;answer
535;941;answer
536;289;ask
538;1125;ask
539;1127;answer
540;1131;ask
541;322;answer
543;793;answer
544;793;answer
545;1011;answer
546;1011;answer
548;1138;ask
549;1011;answer
550;418;answer
552;941;answer
554;728;ask
555;434;answer
556;434;answer
559;1147;ask
560;1085;answer
561;964;answer
562;1155;answer
563;1155;answer
564;237;ask
565;1162;ask
566;1165;ask
567;1163;answer
568;1155;answer
569;1164;answer
570;434;answer
571;1174;ask
572;609;answer
573;1176;answer
574;1155;answer
575;1155;answer
576;1155;answer
577;743;answer
580;1155;answer
581;1155;answer
582;743;answer
583;924;answer
584;924;answer
585;924;answer
586;1192;ask
587;793;ask
588;97;answer
591;791;answer
592;172;answer
593;172;answer
594;1206;ask
595;1207;ask
596;941;ask
597;478;answer
598;1155;answer
599;1155;answer
600;1208;ask
602;984;answer
603;434;answer
604;434;answer
605;838;ask
606;1220;answer
607;1223;ask
608;836;ask
609;1224;answer
611;941;answer
612;1085;answer
613;1235;ask
614;968;answer
615;1237;answer
616;1240;ask
617;97;answer
618;1193;answer
619;21;answer
620;953;answer
621;553;answer
622;1085;answer
623;474;ask
624;454;answer
625;816;answer
626;1155;answer
627;843;answer
628;843;answer
629;62;answer
630;609;answer
634;1271;ask
635;21;answer
636;1273;ask
637;1085;answer
640;684;ask
641;684;ask
642;159;answer
643;127;answer
644;754;ask
645;178;answer
646;1283;ask
648;984;answer
649;984;answer
650;172;answer
651;172;answer
652;172;answer
653;133;ask
654;964;answer
655;1300;ask
656;1301;answer
657;133;ask
658;1306;ask
659;1289;answer
660;1235;ask
661;1314;ask
662;1315;ask
663;375;answer
664;1319;ask
665;1111;answer
666;786;answer
667;984;answer
668;1329;answer
669;548;answer
670;1334;ask
671;870;ask
672;609;answer
675;1279;answer
676;1355;answer
677;974;ask
678;1097;ask
679;1097;ask
680;1279;answer
682;1360;answer
683;906;ask
684;1367;answer
685;1273;ask
686;574;answer
687;548;answer
688;1367;answer
689;548;answer
690;1301;answer
691;1301;answer
692;1301;answer
693;1301;answer
694;989;ask
695;684;answer
697;199;ask
698;1379;answer
699;1384;answer
700;1386;ask
701;645;ask
702;1367;answer
703;1390;answer
704;728;ask
705;1399;answer
707;684;answer
708;84;answer
709;1131;answer
710;979;ask
711;836;ask
712;984;answer
713;1314;ask
714;2433;answer
715;434;answer
716;989;ask
717;133;ask
718;684;answer
719;2443;answer
720;434;answer
721;548;answer
722;2452;answer
723;127;answer
724;172;answer
725;172;answer
726;2458;ask
727;2459;answer
728;2452;answer
729;375;answer
730;84;ask
731;2471;ask
732;1279;answer
733;471;answer
734;21;answer
735;1367;answer
736;802;ask
737;2485;answer
739;2489;ask
740;1350;answer
741;381;answer
742;2452;answer
743;791;answer
744;2507;ask
745;989;ask
746;2452;answer
747;791;answer
748;2511;ask
749;728;ask
750;1387;ask
751;941;answer
752;2452;answer
753;2489;answer
754;2513;answer
755;984;answer
756;2515;answer
757;325;answer
758;895;ask
759;2452;answer
760;1315;ask
761;2533;ask
762;131;ask
763;1329;answer
764;802;answer
765;2543;answer
766;159;answer
767;2544;answer
768;2556;answer
769;2556;answer
770;2556;answer
771;2556;answer
773;154;answer
774;2452;answer
775;2575;answer
776;2583;answer
777;2599;ask
778;890;ask
779;2600;answer
780;2452;answer
781;548;answer
782;2452;answer
783;2604;ask
784;989;ask
785;941;answer
786;2567;ask
787;2614;ask
788;434;answer
789;802;answer
790;381;answer
791;921;ask
792;743;answer
793;2643;ask
794;2648;answer
795;375;answer
796;2433;answer
797;548;answer
798;381;answer
799;381;answer
800;381;answer
801;2433;answer
802;1163;ask
803;381;answer
804;1117;ask
805;2452;answer
806;2653;ask
807;548;answer
808;1117;ask
809;2452;answer
810;2661;ask
811;2513;answer
812;192;ask
813;471;answer
814;2452;answer
815;906;ask
816;2668;answer
817;2556;answer
818;941;answer
819;471;answer
820;95;ask
821;471;answer
822;178;answer
823;95;ask
824;1279;answer
825;1192;ask
826;325;answer
827;548;answer
828;192;answer
829;1314;ask
830;471;answer
831;366;ask
832;2702;ask
833;325;answer
834;1131;ask
835;2711;answer
836;2452;answer
837;471;answer
838;1314;ask
839;;answer
840;974;ask
841;381;answer
842;2725;ask
843;2452;answer
844;2726;ask
845;1279;answer
846;1279;answer
847;816;answer
848;924;answer
849;2575;answer
850;548;answer
851;2744;ask
853;2750;ask
854;791;answer
855;2452;answer
858;684;answer
859;2643;ask
860;1241;answer
861;;answer
862;82;answer
863;1279;answer
864;381;answer
865;988;ask
866;2781;ask
867;2785;ask
868;2787;answer
869;2790;ask
870;381;answer
871;684;answer
872;2792;ask
873;375;answer
874;;answer
875;609;answer
876;1241;answer
877;2798;ask
878;1279;answer
879;434;answer
880;172;answer
881;1279;answer
882;403;answer
883;2614;ask
884;2614;answer
886;2452;answer
887;776;ask
888;2452;answer
889;2666;answer
890;2809;answer
891;2809;answer
893;1151;ask
895;2756;ask
896;2817;ask
897;587;answer
898;816;answer
899;816;answer
900;2574;answer
901;548;answer
902;1097;ask
903;2830;ask
904;;ask
905;1156;answer
906;1156;answer
907;2452;answer
908;2452;answer
909;816;answer
910;2574;answer
911;108;answer
912;1156;answer
913;1156;answer
915;2841;ask
916;172;answer
917;802;ask
918;2452;answer
919;97;ask
920;979;ask
921;97;ask
922;2850;ask
923;979;answer
924;802;answer
925;984;answer
926;2853;answer
927;2854;ask
928;2854;answer
929;802;answer
930;2838;answer
931;2724;answer
932;2817;answer
933;2861;answer
934;2533;ask
935;2863;answer
936;2792;ask
937;2854;ask
938;172;answer
939;172;answer
940;2873;ask
941;2452;answer
942;1156;answer
944;816;answer
945;2878;ask
946;2883;ask
947;1279;answer
948;1281;ask
949;2433;ask
950;2841;answer
951;1279;answer
954;979;ask
955;979;ask
956;2910;answer
957;989;ask
958;2912;answer
959;2913;answer
960;2556;answer
961;1279;ask
962;2916;ask
963;2920;ask
964;2920;answer
965;2923;ask
966;21;answer
967;1279;answer
968;2928;ask
969;2928;answer
972;2948;ask
973;2949;ask
974;1242;ask
975;2452;answer
976;1237;answer
977;725;ask
978;819;answer
979;2958;ask
980;2452;answer
981;2958;answer
982;924;answer
984;2972;ask
985;2916;ask
986;2978;answer
987;2979;ask
988;2985;answer
989;793;ask
990;2987;answer
991;1279;answer
992;1241;ask
993;2853;answer
994;1256;answer
995;964;answer
996;2997;answer
997;2972;ask
998;2969;answer
999;1237;answer
1000;2969;answer
1001;525;answer
1002;2861;ask
1003;1097;ask
1005;2452;answer
1006;2452;answer
1007;867;ask
1008;403;answer
1009;471;answer
1010;2861;answer
1013;375;ask
1015;895;ask
1017;3030;ask
1019;979;answer
1020;3044;ask
1021;3047;ask
1022;941;answer
1023;979;answer
1024;1241;ask
1025;3052;ask
1026;1256;answer
1027;3053;answer
1028;3054;ask
1029;3057;ask
1030;2452;answer
1031;3051;answer
1032;816;answer
1033;2668;answer
1034;3064;ask
1035;609;answer
1036;3068;ask
1037;3070;answer
1038;1314;ask
1039;979;answer
1041;471;answer
1042;3058;ask
1044;3097;ask
1045;3050;ask
1046;3100;answer
1047;3101;answer
1048;3050;answer
1050;3108;ask
1051;819;answer
1053;1281;ask
1054;1350;answer
1055;2668;answer
1056;3077;answer
1057;3077;answer
1058;3128;ask
1059;3055;ask
1060;2668;answer
1061;3133;ask
1062;924;answer
1063;924;answer
1064;924;answer
1065;924;answer
1066;3152;answer
1067;3153;answer
1068;3150;answer
1069;3169;ask
1070;2511;ask
1071;3178;ask
1072;3181;answer
1073;802;ask
1074;676;ask
1075;3203;ask
1076;3211;answer
1077;3213;answer
1078;3215;ask
1079;2920;ask
1080;3216;ask
1081;3152;answer
1082;819;answer
1084;1279;answer
1085;1256;answer
1086;3232;ask
1087;819;answer
1088;609;answer
1089;609;answer
1090;387;ask
1091;3244;ask
1092;2487;ask
1094;3108;ask
1095;3250;ask
1096;819;answer
1097;2487;answer
1098;3259;answer
1099;21;answer
1100;3263;ask
1101;979;answer
1102;2785;ask
1103;819;answer
1104;3279;ask
1105;3283;ask
1106;3284;ask
1107;97;ask
1108;97;ask
1109;816;answer
1110;3289;ask
1112;3294;answer
1113;36;ask
1114;92;answer
1118;97;answer
1119;97;ask
1120;3314;answer
1121;2969;answer
1122;609;answer
1123;3321;ask
1124;3054;ask
1125;3325;ask
1126;1279;answer
1127;3326;answer
1128;3328;ask
1129;3315;answer
1131;609;answer
1132;3336;ask
1133;97;answer
1135;3343;ask
1136;381;answer
1137;2475;ask
1138;816;answer
1139;819;answer
1140;816;answer
1141;3057;ask
1142;97;answer
1143;3360;ask
1144;3361;answer
1145;1256;answer
1146;1279;answer
1147;1138;ask
1148;3376;answer
1149;3054;ask
1150;1237;answer
1151;3390;ask
1152;819;answer
1153;3400;answer
1154;3400;ask
1155;3411;ask
1159;3167;ask
1160;3430;answer
1161;3430;answer
1162;3430;answer
1163;1256;answer
1164;381;answer
1165;3433;ask
1166;3436;ask
1167;1256;answer
1168;979;answer
1169;1279;answer
1171;3412;answer
1172;1097;ask
1173;3445;ask
1174;295;ask
1175;1256;answer
1176;924;answer
1177;3459;ask
1178;3466;answer
1179;609;answer
1180;21;answer
1181;3473;ask
1182;515;answer
1183;3482;ask
1184;890;answer
1185;2471;ask
1186;3498;ask
1187;3499;ask
1188;403;answer
1189;3503;ask
1190;3504;ask
1191;3506;ask
1192;3507;ask
1193;3457;answer
1194;24;answer
1195;3503;ask
1196;3510;ask
1197;3513;ask
1198;3514;answer
1199;2576;answer
1200;1241;answer
1202;11;answer
1203;984;answer
1204;3436;ask
1205;3526;ask
1206;51;answer
1207;3530;answer
1208;3530;ask
1209;3530;answer
1210;3530;answer
1211;3530;answer
1212;381;answer
1213;3539;ask
1214;3540;ask
1215;2969;answer
1216;3550;ask
1220;3466;answer
1221;3466;answer
1222;381;answer
1223;3568;ask
1224;3568;answer
1225;3580;ask
1226;3232;answer
1227;3583;ask
1228;3586;answer
1229;3587;ask
1230;24;answer
1231;381;answer
1232;381;answer
1233;3596;answer
1234;3596;answer
1235;3596;answer
1236;3598;ask
1240;3430;ask
1241;3605;ask
1242;1048;answer
1243;1048;ask
1244;1138;ask
1246;2576;ask
1247;3609;answer
1248;3609;answer
1249;819;answer
1250;1154;answer
1253;3615;ask
1255;92;answer
2255;4618;ask
2256;3466;answer
2257;4619;ask
2258;4620;ask
2259;4620;answer
2260;1256;answer
2261;381;answer
2262;1256;answer
2263;1256;ask
2264;1399;answer
2265;1399;answer
2266;1399;answer
2267;1256;answer
2268;3436;ask
2269;4637;ask
2270;3466;answer
2271;381;answer
2272;2961;answer
2273;3159;ask
2274;1279;answer
2275;4619;ask
2276;3466;answer
2277;3609;answer
2278;4619;ask
2279;4619;answer
2280;906;answer
2281;3317;answer
2284;4662;ask
2285;713;ask
2286;2573;answer
2287;4668;ask
2288;3159;answer
2290;3466;answer
2293;3159;ask
2294;4676;answer
2296;4679;answer
2297;2475;ask
2298;1127;ask
2299;4688;answer
2302;3577;ask
2303;3223;ask
2304;4692;ask
2305;3317;answer
2306;3436;ask
2307;609;answer
2308;4705;ask
2311;4711;answer
2313;4717;ask
2314;4719;ask
2315;4719;answer
2316;4717;ask
2317;4724;answer
2318;3430;answer
2320;4730;answer
2321;4736;ask
2322;4736;ask
2323;1138;ask
2324;381;answer
2325;381;answer
2326;381;answer
2327;4739;answer
2328;3443;ask
2329;2961;answer
2332;1127;answer
2334;3281;ask
2335;4760;answer
2337;4774;ask
2338;4776;answer
2339;381;answer
2340;26;answer
2341;4779;answer
2342;21;answer
2343;4794;ask
2344;1223;ask
2345;4774;answer
2346;4800;ask
2347;1241;answer
2348;3503;ask
2349;4804;ask
2350;609;answer
2351;21;answer
2352;4811;ask
2353;4813;ask
2354;4815;answer
2355;3281;ask
2356;21;answer
2357;4724;answer
2358;3503;answer
2359;4821;ask
2360;847;answer
2361;847;answer
2362;4824;ask
2363;1127;answer
2364;847;answer
2365;4824;answer
2366;836;answer
2367;609;answer
2368;88;ask
2369;4839;answer
2370;4808;answer
2371;3281;answer
2372;4847;answer
2373;4717;ask
2374;1241;answer
2375;4852;answer
2376;21;answer
2377;4760;answer
2378;4859;ask
2379;847;answer
2380;4621;answer
2381;723;ask
2382;4875;ask
2383;3211;answer
2384;4717;ask
2385;192;answer
2386;2452;answer
2387;2452;answer
2391;4887;ask
2392;4889;ask
2393;4897;answer
2394;3106;ask
2395;3159;ask
2397;4907;answer
2398;4910;ask
2399;4897;answer
2401;3051;answer
2403;4836;ask
2405;4929;answer
2406;2853;answer
2407;1097;answer
2410;2853;answer
2411;381;answer
2412;4933;ask
2413;847;answer
2414;847;answer
2416;1004;ask
2417;381;answer
2418;187;answer
2419;4760;answer
2420;4943;answer
2421;4944;answer
2422;4947;ask
2423;847;answer
2424;82;answer
2425;2576;answer
2426;4956;ask
2427;3503;ask
2428;847;answer
2429;1241;answer
2431;4966;answer
2432;4967;ask
2433;4973;ask
2434;4974;answer
2435;381;answer
2436;2576;ask
2437;3615;ask
2438;4978;answer
2439;136;ask
2441;4760;answer
2442;1241;answer
2443;4842;answer
2445;989;ask
2446;273;ask
2447;4999;ask
2448;5004;ask
2449;847;answer
2450;847;answer
2451;847;ask
2452;5012;answer
2453;782;answer
2454;5019;ask
2455;5021;answer
2456;5021;answer
2457;5021;answer
2458;5022;answer
2459;5022;answer
2462;847;answer
2463;5027;ask
2464;5029;ask
2466;5038;ask
2468;1279;answer
2469;3377;ask
2470;5042;ask
2471;5041;answer
2472;5041;answer
2473;5043;ask
2474;5044;ask
2475;5021;answer
2476;3083;answer
2477;3083;answer
2478;3083;answer
2479;3083;answer
2480;2647;ask
2482;5041;answer
2483;5041;answer
2486;5023;ask
2487;5066;ask
2488;5073;answer
2489;5075;ask
2490;847;answer
2491;97;ask
2492;847;answer
2493;5077;ask
2494;5079;ask
2495;3551;ask
2496;5083;answer
2499;5086;ask
2500;5091;ask
2501;3281;ask
2502;5095;ask
2503;5091;ask
2504;847;ask
2505;5100;answer
2506;5091;answer
2507;3024;ask
2508;3024;ask
2509;5041;answer
2510;;ask
2511;5023;answer
2512;5110;answer
2513;5110;ask
2514;21;answer
2515;1279;answer
2516;5113;ask
2517;1156;answer
2518;5043;answer
2519;4622;answer
2520;4697;answer
2521;5126;ask
2522;471;answer
2523;5132;ask
2524;4710;answer
2525;4686;ask
2526;5133;answer
2527;5138;ask
2528;381;answer
2529;5041;answer
2530;5143;answer
2534;4947;ask
2535;847;answer
2536;847;answer
2537;847;ask
2538;5099;ask
2540;5170;answer
2541;5091;ask
2543;5172;ask
2544;97;answer
2545;587;answer
2546;587;answer
2547;5180;ask
2549;5182;answer
2550;4950;ask
2551;5153;answer
2552;5184;answer
2553;5153;answer
2555;5091;answer
2557;5180;answer
2558;1138;ask
2559;5198;answer
2561;5198;answer
2562;5165;answer
2563;97;ask
2564;5199;ask
2565;21;answer
2566;5200;answer
2567;5211;ask
2568;5214;ask
2569;5219;answer
2570;5220;answer
2571;1330;answer
2572;1330;answer
2573;5091;answer
2574;5224;answer
2575;5224;ask
2576;5227;ask
2577;847;answer
2578;3281;ask
2579;5091;ask
2580;5091;answer
2581;5241;ask
2582;802;ask
2583;5244;answer
2584;5249;answer
2585;4621;answer
2586;5185;ask
2587;5091;ask
2588;5263;answer
2589;5263;answer
2590;5265;ask
2591;5265;ask
2593;5266;ask
2594;3466;answer
2595;5268;answer
2596;5247;ask
2597;381;answer
2598;5091;ask
2599;2724;answer
2600;5273;ask
2601;5273;ask
2602;5043;answer
2604;5279;answer
2605;5280;answer
2606;819;answer
2607;4621;answer
2608;2647;ask
2609;5283;ask
2610;5091;answer
2611;4679;answer
2612;5290;ask
2613;223;answer
2614;2723;answer
2615;2723;answer
2616;2723;answer
2617;819;answer
2618;2723;ask
2619;819;answer
2620;819;answer
2621;2723;answer
2622;2723;answer
2623;2723;ask
2624;5247;answer
2625;5247;answer
2626;1330;answer
2627;2647;ask
2628;5298;ask
2629;5301;ask
2630;819;answer
2631;5306;ask
2632;5310;ask
2633;5172;ask
2634;5314;ask
2635;5266;answer
2636;819;answer
2637;21;answer
2638;5318;ask
2639;5143;answer
2640;5143;answer
2641;1131;answer
2642;1131;ask
2643;5172;ask
2644;5328;ask
2645;5332;ask
2646;2750;ask
2648;819;answer
2649;381;answer
2650;5342;answer
2651;5342;ask
2652;4705;ask
2653;381;answer
2654;3466;ask
2655;816;answer
2656;97;answer
2658;5043;ask
2659;5356;ask
2660;3466;answer
2661;964;answer
2662;924;answer
2663;924;answer
2664;2452;answer
2667;5091;ask
2668;3466;ask
2669;5366;answer
2670;5316;ask
2671;964;answer
2673;5369;ask
2675;819;answer
2676;3132;answer
2677;5199;ask
2678;819;answer
2679;289;answer
2682;3466;ask
3684;5172;ask
3685;2452;answer
3687;5161;ask
3688;6387;ask
3689;5280;answer
3690;6390;ask
3691;6391;answer
3692;6391;answer
3693;2742;ask
3694;2853;answer
3696;6391;answer
3697;6391;answer
3698;6412;answer
3699;6418;ask
3700;6415;ask
3701;381;answer
3702;6419;ask
3703;2452;answer
3705;974;ask
3706;974;answer
3707;6444;answer
3708;5165;answer
3709;6447;ask
3711;6451;ask
3713;847;answer
3715;847;answer
3716;847;answer
3717;4724;answer
3718;6469;ask
3719;5091;ask
3720;847;answer
3721;847;ask
3722;3132;answer
3723;2452;answer
3724;6478;answer
3725;4724;answer
3726;6391;answer
3728;5175;ask
3729;2452;answer
3730;;ask
3731;2452;answer
3732;471;answer
3733;847;ask
3734;6506;ask
3735;2452;answer
3736;381;answer
3737;2452;answer
3738;5246;ask
3739;6391;answer
3740;5199;ask
3741;1048;ask
3742;6491;ask
3743;3132;ask
3745;6523;ask
3746;3466;answer
3747;819;answer
3748;819;answer
3749;5224;answer
3750;6531;ask
3751;6536;ask
3752;6391;answer
3753;106;answer
3754;2614;ask
3757;6550;answer
3758;811;answer
3759;4933;ask
3760;6559;ask
3761;5143;answer
3762;6391;answer
3763;6568;ask
3764;2452;answer
3766;6572;ask
3767;810;answer
3770;303;ask
3771;303;ask
3772;303;ask
3773;5246;answer
3774;4621;answer
3775;5143;answer
3776;6597;answer
3777;1256;answer
3779;3466;ask
3780;6602;ask
3781;6606;ask
3783;4695;ask
3784;6608;ask
3785;6608;answer
3786;5043;ask
3787;6391;answer
3788;6611;ask
3791;2932;answer
3792;5143;ask
3793;4724;answer
3795;6625;ask
3796;2576;answer
3797;6644;ask
3798;1330;answer
3799;2452;answer
3800;819;answer
3801;6648;answer
3802;2452;answer
3804;6660;ask
3805;1256;answer
3806;2452;answer
3807;6664;ask
3808;6559;ask
3810;1330;answer
3811;6669;ask
3812;924;answer
3813;6672;answer
3814;6646;ask
3815;6391;answer
3816;6391;answer
3817;6391;answer
3818;6391;answer
3819;6682;answer
3820;498;answer
3821;6685;ask
3823;2452;answer
3825;5043;ask
3826;6559;ask
3827;1279;answer
4826;108;answer
4827;7702;ask
4828;404;answer
4829;7707;answer
4830;5179;answer
4831;474;ask
4833;2452;answer
4834;7713;ask
4835;21;answer
4836;7715;ask
4837;7712;ask
4838;819;answer
4839;1367;answer
4840;7717;ask
4842;7719;answer
4843;7719;answer
4844;7722;ask
4845;7723;ask
4846;2452;answer
4847;1367;answer
4848;1367;answer
4850;1367;answer
4851;7735;answer
4852;7739;ask
4853;7740;answer
4855;6636;ask
4856;7738;answer
4859;7750;ask
4860;2452;answer
4861;6672;answer
4862;7761;answer
4863;2452;answer
4864;7762;ask
4865;7764;answer
4866;6496;answer
4867;7763;answer
4868;34;answer
4870;7786;answer
4872;5200;answer
4873;5091;ask
4874;1367;answer
4875;102;ask
4876;3377;ask
4877;1367;answer
4878;525;answer
4879;7806;ask
4880;7807;ask
4881;7811;ask
4882;7812;ask
4883;5184;ask
4884;6560;ask
4885;686;answer
4886;7818;answer
4887;5143;answer
4888;1279;answer
4889;7786;answer
4890;7786;answer
4891;7786;answer
4892;1003;answer
4894;7786;answer
4895;7786;answer
4896;7786;answer
4897;7786;answer
4898;7842;answer
4899;21;answer
4900;6496;answer
4901;7867;ask
4902;1367;answer
4903;7873;ask
4904;2723;answer
4905;108;answer
4912;7786;answer
4913;7873;ask
4914;5143;ask
4915;6646;answer
4916;2452;answer
4917;97;ask
4918;7896;ask
4919;7873;ask
4920;1156;answer
4921;7909;ask
4922;587;answer
4923;7873;ask
4924;6648;answer
4925;7923;ask
4926;1003;answer
4927;2452;answer
4928;4621;answer
4929;21;answer
4930;7919;answer
4931;7926;answer
4934;1003;answer
4935;6644;ask
4936;7944;ask
4937;21;answer
4938;1003;answer
4940;7873;ask
4941;7950;answer
4942;5203;ask
4943;5203;ask
4944;5203;ask
4945;5143;answer
4946;2452;answer
4947;5143;answer
4948;97;answer
4949;7961;ask
4950;7966;ask
4951;3430;ask
4952;964;answer
4953;7969;answer
4954;7972;answer
4955;7979;ask
4956;7980;answer
4957;7982;ask
4958;7989;answer
4959;4621;answer
4960;7961;answer
4961;4621;answer
4962;381;answer
4963;7977;ask
4964;381;answer
4965;2452;answer
4966;2452;answer
4967;7999;ask
4968;7977;ask
4969;8003;answer
4970;8005;answer
4971;6554;ask
4972;7969;answer
4973;2699;answer
4974;8009;ask
4975;2452;answer
4976;381;answer
4977;7977;ask
4978;8013;ask
4979;6559;ask
4980;8016;ask
4981;3430;answer
4982;3430;answer
4983;8005;answer
4984;3430;answer
4985;8017;ask
4986;8018;ask
4987;3430;answer
4988;8021;answer
4989;6554;answer
4990;4621;answer
4991;2750;answer
4992;8030;ask
4993;3430;answer
4994;7999;answer
4995;7977;ask
4996;2522;answer
4997;2522;answer
4998;7977;ask
4999;7969;answer
5000;7969;ask
5001;8037;ask
5002;2452;answer
5004;381;answer
5005;1003;answer
5006;1279;answer
5007;5224;ask
5008;97;answer
5009;1003;answer
5010;7809;answer
5011;525;answer
5012;8048;ask
5013;8051;ask
5014;8063;ask
5015;8065;answer
5016;8065;answer
5017;8065;answer
5018;7809;answer
5019;182;answer
5020;4621;answer
5021;8074;ask
5022;97;answer
5023;8013;ask
5024;8076;ask
5025;2853;answer
5026;5103;answer
5027;8084;answer
5028;8085;answer
5029;8085;answer
5030;8085;answer
5031;8065;answer
5032;8065;answer
5033;8088;ask
5034;8075;answer
5037;8037;answer
5038;985;ask
5039;182;answer
5040;7867;ask
5041;8065;answer
5042;8065;answer
5043;182;answer
5044;8075;answer
5045;108;answer
5046;108;answer
5047;8102;ask
5048;8075;answer
5049;8104;answer
5050;8105;ask
5051;8075;answer
5052;6465;ask
5053;8059;answer
5054;1003;answer
5055;6683;ask
5056;7969;answer
5057;7873;ask
5058;8065;answer
5060;8030;answer
5061;8123;ask
5062;8126;answer
5063;8005;answer
5064;8127;ask
5065;525;answer
5066;4897;answer
5067;3588;answer
5068;381;answer
5070;2452;answer
5071;8110;answer
5073;8145;ask
5074;8146;ask
5075;8151;ask
5077;1003;answer
5078;4621;answer
5079;8158;ask
5080;3346;ask
5081;2452;answer
5082;525;answer
5084;90;answer
5085;7806;ask
5086;90;answer
5087;4621;answer
5088;8174;ask
5089;8174;answer
5091;8088;ask
5092;7966;ask
5093;4803;ask
5094;1003;answer
5095;2452;answer
5096;8113;answer
5097;8195;ask
5098;525;answer
5099;8200;answer
5101;7857;answer
5102;8088;ask
5103;8207;answer
5104;7950;answer
5106;8195;answer
5107;8210;answer
5108;2452;ask
5109;8214;ask
5110;8218;ask
5111;2452;answer
5112;8113;answer
5113;8214;ask
5114;2853;answer
5115;8221;ask
5116;8224;ask
5117;964;answer
5118;8191;answer
5119;8234;ask
5120;8235;ask
5121;5184;ask
5122;8236;ask
5124;8236;answer
5125;289;answer
5127;8243;ask
5128;90;answer
5129;8244;ask
5130;90;answer
5131;3347;answer
5132;4705;answer
5133;8255;answer
5134;8257;answer
5135;2576;answer
5136;8021;answer
5137;8268;ask
5138;8273;ask
5140;4621;answer
5141;8104;answer
5142;3466;ask
5145;8281;ask
5146;5249;answer
5147;7720;ask
5148;90;answer
5149;90;answer
5150;3152;answer
5151;3152;answer
5152;1301;answer
5153;8284;answer
5155;474;ask
5156;5249;answer
5158;536;answer
5159;8302;ask
5160;8127;ask
5161;587;answer
5162;587;answer
5164;5233;ask
5165;5255;ask
5166;8302;ask
5167;6554;answer
5168;464;ask
5169;464;answer
5170;8313;ask
5171;8314;ask
5172;8285;ask
5173;108;answer
5175;97;ask
5178;8320;ask
5179;;answer
5180;8319;answer
5181;3466;answer
5182;8335;answer
5184;97;answer
5185;964;answer
5186;8343;ask
5188;8191;answer
5192;7887;ask
5193;8357;ask
5196;8358;ask
5197;8296;ask
5198;6403;ask
5199;8368;ask
5200;2452;answer
5201;1367;answer
5202;1367;answer
5203;2452;answer
5204;1376;ask
5205;8375;ask
5206;8376;answer
5207;8313;answer
5208;8381;ask
5209;8016;ask
5210;2853;answer
5211;8191;answer
5212;8386;ask
5213;2435;ask
5214;8389;ask
5215;8391;answer
5216;8392;answer
5217;8394;answer
5219;2647;ask
5220;8395;answer
5221;8395;answer
5222;609;answer
5223;26;answer
5224;26;ask
5225;6467;answer
5226;8409;ask
5227;8410;ask
5228;8417;ask
5229;108;answer
5230;6550;answer
5231;8422;ask
5232;2723;answer
5233;8425;ask
5234;2452;answer
5235;26;answer
5236;8433;answer
5237;8433;answer
5238;8437;answer
5239;8392;answer
5241;8415;answer
5242;8310;answer
5243;8452;ask
5244;8310;ask
5245;8454;ask
5248;2723;answer
5249;3510;ask
5251;924;answer
5252;8395;answer
5253;8395;answer
5254;924;answer
5255;8478;ask
5256;381;answer
5257;8482;ask
5259;106;answer
5261;8488;ask
5263;8462;answer
5264;8013;ask
5265;609;answer
5267;4811;ask
5268;8344;ask
5269;8491;answer
5270;2452;answer
5273;8505;ask
5275;3070;answer
5276;8517;answer
5277;8318;ask
5278;108;answer
5279;8524;ask
5280;8526;ask
5281;1077;answer
5282;8517;answer
5284;8540;ask
5285;8516;answer
5286;3556;answer
5287;8547;ask
5288;8462;answer
5289;8462;answer
5290;8249;answer
5291;8549;ask
5292;6550;ask
5294;7960;ask
5295;8110;answer
5298;381;answer
5299;5316;answer
5300;816;answer
5301;8597;ask
5302;8605;ask
5303;8389;ask
5304;8609;ask
5305;8610;ask
5306;8462;answer
5308;2452;answer
5309;8626;ask
5310;964;answer
5311;8631;ask
5312;984;answer
5313;8641;ask
5314;2853;answer
5315;1399;answer
5316;8643;ask
5318;8645;ask
5319;8650;answer
5320;3314;ask
5322;8653;ask
5323;8191;ask
5324;381;answer
5325;381;answer
5326;8662;ask
5327;8663;answer
5328;4993;ask
5329;6576;ask
5330;8677;ask
5331;8681;ask
5332;8505;ask
5333;587;answer
5334;587;answer
5336;8686;ask
5337;8689;answer
5338;2452;answer
5341;8695;ask
5342;8696;answer
5343;8462;answer
5344;8285;ask
5345;97;ask
5347;8708;answer
5348;8710;ask
5349;8714;ask
5350;462;answer
5351;2452;answer
5352;587;answer
5353;108;answer
5354;8729;answer
5355;8734;answer
5356;8712;ask
5357;2723;ask
5358;8743;ask
5359;8662;answer
5360;3466;answer
5361;8751;answer
5362;8104;answer
5365;8762;answer
5366;8762;answer
5367;8692;ask
5368;2452;answer
5369;2452;answer
5370;462;answer
5371;8774;ask
5373;8710;ask
5374;8784;ask
5375;8777;ask
5376;8792;answer
5379;7923;ask
5380;7867;ask
5381;8796;answer
5382;7961;answer
5383;8800;ask
5384;8792;answer
5385;1077;answer
5386;8814;ask
5387;587;answer
5388;8465;answer
5389;8820;answer
5391;587;answer
5393;8823;ask
5394;1048;answer
5395;1048;answer
5396;1048;answer
5397;2723;answer
5399;8830;answer
5400;3466;answer
5401;8839;ask
5402;381;answer
5403;97;answer
5404;8842;ask
5406;8775;ask
5407;2452;answer
5408;237;ask
5409;8848;ask
5410;8849;answer
5411;8849;answer
5412;7712;ask
5413;8860;ask
5414;8865;answer
5416;8869;ask
5417;8869;ask
5418;381;answer
5419;8842;answer
5420;8875;ask
5421;8876;ask
5424;1138;ask
5427;6465;ask
5428;3466;ask
5429;609;answer
5430;5179;answer
5431;8923;answer
5432;8930;answer
5433;8929;ask
5435;8936;ask
5436;3314;ask
5437;2452;answer
5438;8938;ask
5440;2452;answer
5441;609;answer
5442;8860;ask
5443;8944;ask
5444;2452;answer
5445;8269;ask
5446;2452;answer
5447;21;answer
5448;723;answer
5449;3417;answer
5450;4621;answer
5452;1256;answer
5457;1256;answer
5458;8969;ask
5459;8951;ask
5460;8953;answer
5461;8977;answer
5462;8948;ask
5464;8953;ask
5466;8986;answer
5469;8987;answer
5470;97;ask
5471;8644;ask
5473;587;answer
5474;8953;answer
5477;2452;answer
5479;8240;ask
5480;8498;answer
5481;9015;ask
5483;289;answer
5485;2586;ask
5488;8843;answer
5489;9033;ask
5490;2452;answer
5491;1256;answer
5492;9052;ask
5493;9011;ask
5496;9054;answer
5501;4947;ask
5502;4947;ask
5503;26;ask
5504;9079;ask
5505;2452;answer
5506;9086;answer
5507;9085;answer
5508;9086;answer
5509;9086;answer
5510;9086;answer
5511;9086;answer
5512;5377;answer
5513;8284;answer
5514;8951;ask
5515;735;answer
5516;8951;ask
5517;8951;answer
5519;9097;ask
5521;9054;answer
5524;9105;ask
5525;9106;answer
5526;471;answer
5527;9114;answer
5528;1386;ask
5529;3024;ask
5530;9125;ask
5531;1077;answer
5533;2452;answer
5534;3314;ask
5535;3024;answer
5536;2750;answer
5537;4947;ask
5538;9054;answer
5539;3314;answer
5541;9146;answer
5542;9146;answer
5543;8650;ask
5544;8018;ask
5545;9011;ask
5547;9167;ask
5548;9168;ask
5549;3314;ask
5550;3024;answer
5551;9176;ask
5552;9179;answer
5553;9182;answer
5554;9167;answer
5555;9197;ask
5557;4993;ask
5558;9210;ask
5559;8085;answer
5560;173;answer
5561;3314;ask
5562;182;answer
5563;182;answer
5564;403;answer
5565;9218;ask
5566;9219;ask
5567;9220;ask
5571;9223;answer
5572;2489;ask
5573;9085;answer
5574;9227;ask
5576;9234;answer
5577;9236;answer
5578;609;answer
5579;2452;answer
5580;9238;ask
5581;9174;ask
5582;5091;ask
5585;8152;ask
5586;8152;answer
5587;8704;answer
5588;9246;answer
5589;9249;ask
5590;9257;ask
5591;97;answer
5592;9267;answer
5593;6550;answer
5594;2489;ask
5595;5091;answer
5596;9272;answer
5600;9278;ask
5601;9281;ask
5602;9287;ask
5603;173;answer
5605;173;answer
5606;9296;ask
5607;173;answer
5609;9323;ask
5610;9174;ask
5611;9070;ask
5612;9070;answer
5614;9070;answer
5615;6523;ask
5616;173;answer
5618;9312;ask
5619;8051;ask
5620;9324;answer
5621;9324;answer
5622;9324;answer
5623;9324;answer
5624;8840;ask
5626;3281;answer
5627;5143;answer
5628;5143;answer
5629;8553;ask
5630;9114;answer
5631;8041;answer
5632;9342;ask
5634;82;answer
5635;8285;ask
5636;924;answer
5637;173;answer
5638;173;answer
5639;9362;ask
5641;8373;answer
5642;9370;answer
5643;5290;ask
5644;9371;ask
5645;8553;answer
5646;173;answer
5647;9114;answer
5648;3314;ask
5649;;answer
5650;6523;ask
5651;9383;answer
5652;7720;ask
5653;9322;ask
5654;9385;ask
5655;8953;answer
5656;9388;ask
5657;525;answer
5658;8394;answer
5659;8284;answer
5660;7720;answer
5661;2576;answer
5662;182;answer
5663;9225;ask
5664;9236;answer
5665;8041;answer
5666;9410;ask
5667;8041;ask
5668;8041;answer
5669;3466;answer
5670;8041;answer
5671;9086;answer
5672;8394;answer
5674;9420;answer
5675;9420;answer
5676;8465;answer
5677;9394;ask
5678;7921;answer
5679;9322;ask
5680;8394;answer
5681;9433;answer
5682;9086;answer
5683;8041;answer
5684;9445;ask
5685;8041;answer
5686;173;answer
5687;82;ask
5688;609;answer
5689;9436;ask
5690;9457;ask
5691;97;answer
5693;9461;ask
5694;122;ask
5695;9215;ask
5696;9472;answer
5697;9472;answer
5698;816;answer
5699;964;answer
5700;9483;answer
5701;9486;ask
5702;8041;answer
5703;9488;ask
5704;9492;answer
5705;9492;answer
5706;793;ask
5707;9495;ask
5708;9497;ask
5709;9496;answer
5710;9445;ask
5712;182;answer
5713;173;answer
5714;9509;ask
5715;9510;ask
5716;9508;answer
5717;9514;ask
5718;9511;ask
5720;9496;answer
5722;9519;answer
5723;8524;ask
5724;182;answer
5725;9521;ask
5726;2452;answer
5729;182;answer
5730;9534;ask
5731;278;answer
5732;9544;ask
5733;173;answer
5734;836;answer
5735;982;ask
5736;182;answer
5737;9035;ask
5738;173;answer
5741;7702;ask
5742;5279;answer
5743;525;answer
5744;132;answer
5745;9174;answer
5746;26;ask
5747;8452;ask
5749;9085;answer
5750;9127;ask
5751;378;ask
5752;7720;answer
5753;9569;answer
5754;8878;answer
5755;182;answer
5756;8878;answer
5757;8878;answer
5758;8878;answer
5759;8878;answer
5760;8878;answer
5761;9575;ask
5762;8878;answer
5763;82;answer
5764;9123;answer
5765;108;answer
5766;9586;ask
5767;9587;answer
5769;9588;answer
5770;8041;answer
5771;9579;ask
5772;9576;answer
5773;8878;answer
5775;9591;ask
5776;9595;ask
5777;562;ask
5778;2452;answer
5780;924;answer
5782;9085;answer
5783;9608;ask
5784;9576;answer
5785;9591;answer
5788;8041;answer
5789;378;ask
5790;8041;answer
5791;9618;ask
5792;609;answer
5793;8285;ask
5794;964;answer
5795;9628;answer
5796;9576;answer
5797;9495;ask
5798;2576;answer
5799;9637;ask
5800;9575;answer
5801;9644;ask
5802;9003;ask
5803;7922;ask
5804;9511;ask
5805;8878;answer
5806;2452;answer
5807;9654;answer
5808;9663;ask
5809;9662;ask
5810;9665;ask
5811;9667;answer
5812;1279;answer
5813;9667;answer
5814;471;answer
5815;2452;answer
5816;8878;answer
5817;9684;ask
5818;2452;answer
5819;9689;ask
5820;108;answer
5821;9690;ask
5822;9693;ask
5823;9695;ask
5824;9587;answer
5825;836;answer
5826;9699;ask
5827;9700;answer
5828;9700;answer
5830;9706;ask
5832;97;answer
5833;9714;ask
5834;9718;answer
5835;3457;answer
5836;3457;answer
5837;4776;answer
5838;9724;ask
5841;108;answer
5842;1283;ask
5843;9634;answer
5844;10171;ask
5845;1283;answer
5846;9747;ask
5848;2452;answer
5849;378;answer
5851;8152;answer
5852;8152;answer
5853;9448;answer
5854;1367;answer
5855;5211;ask
5856;9521;ask
5857;1367;answer
5858;9768;answer
5859;9769;answer
5860;9771;ask
5861;97;answer
5862;9776;answer
5863;9769;ask
5864;9769;answer
5865;964;answer
5867;847;ask
5868;847;answer
5869;9787;answer
5870;9787;answer
5872;9787;answer
5874;9788;ask
5875;9793;ask
5877;8152;answer
5878;8354;answer
5879;1330;answer
5880;9593;answer
5881;9799;ask
5882;9801;answer
5883;9801;answer
5884;9801;answer
5885;9802;ask
5886;9804;answer
5887;9801;answer
5888;9766;answer
5889;84;answer
5890;9807;ask
5892;9593;answer
5893;4676;ask
5894;75;answer
5897;4836;ask
5898;9766;answer
5899;8657;ask
5901;75;answer
5902;75;answer
5903;9828;answer
5904;75;answer
5907;9593;answer
5908;9828;answer
5909;75;answer
5910;9838;ask
5913;7923;ask
5915;75;answer
5916;9852;ask
5917;75;answer
5918;8729;ask
5919;8878;answer
5920;8729;answer
5921;9856;ask
5922;172;answer
5923;8152;answer
5924;9793;ask
5925;75;answer
5926;9588;answer
5927;9322;ask
5928;8953;answer
5929;609;answer
5930;9593;answer
5932;8729;ask
5933;75;ask
5934;8729;answer
5935;9322;answer
5936;9501;ask
5937;9085;answer
5938;9876;answer
5939;8041;answer
5940;8895;answer
5941;9724;ask
5942;9880;answer
5943;9880;answer
5944;9787;ask
5945;9881;ask
5946;8013;ask
5947;9085;answer
5949;2576;answer
5950;2576;answer
5951;82;ask
5954;9488;ask
5957;9880;answer
5958;4933;ask
5959;8878;answer
5960;;ask
5961;552;answer
5962;924;answer
5963;9901;answer
5964;9907;ask
5965;8878;answer
5966;9483;answer
5967;9914;answer
5968;5224;ask
5969;6514;ask
5970;9793;ask
5971;587;answer
5972;9123;ask
5973;5091;ask
5974;609;answer
5976;8878;answer
5977;7720;answer
5978;3466;answer
5979;836;answer
5980;8878;answer
5981;9928;ask
5982;9483;answer
5983;9941;ask
5984;9946;answer
5985;9947;ask
5986;9314;answer
5987;9769;ask
5988;847;answer
5989;847;answer
5990;8338;ask
5991;9958;ask
5992;9960;ask
5993;108;answer
5995;8041;answer
5996;10171;ask
5997;9966;answer
5998;843;answer
5999;5179;answer
6000;816;answer
6001;2750;answer
6004;9966;ask
6005;9982;ask
6006;9947;ask
6007;178;answer
6008;4897;answer
6009;9986;answer
6011;1133;ask
6013;9966;ask
6014;9988;answer
6015;9941;ask
6016;9988;ask
6017;8152;answer
6018;201;ask
6019;9960;ask
6021;9995;ask
6022;9995;ask
6023;8878;answer
6024;9943;answer
6025;8152;answer
6027;10001;ask
6028;10006;ask
6029;10009;answer
6030;7848;ask
6031;7720;ask
6032;10017;ask
6033;10019;answer
6034;2452;answer
6036;10029;ask
6037;1133;ask
6038;9966;answer
6040;10036;ask
6042;9793;ask
6043;8878;answer
6044;9988;ask
6045;52;answer
6048;9793;ask
6050;8338;ask
6051;9988;ask
6052;8878;ask
6053;8953;answer
6054;8073;ask
6055;9966;answer
6056;9966;answer
6057;9966;answer
6058;8073;answer
6059;9576;answer
6060;9698;answer
6061;8275;answer
6062;8275;answer
6063;2452;answer
6064;9663;ask
6065;9943;answer
6066;6514;ask
6067;9966;answer
6068;10085;ask
6069;10083;ask
6070;7966;ask
6071;178;answer
6072;10089;ask
6073;178;answer
6074;10086;answer
6075;10091;ask
6076;3044;ask
6078;10100;ask
6079;7966;answer
6080;7966;ask
6081;7966;answer
6082;3151;ask
6083;9698;answer
6084;10114;ask
6086;1242;ask
6087;847;answer
6088;10123;ask
6089;9728;ask
6090;8275;answer
6092;10127;ask
6093;10127;answer
6094;2576;answer
6095;10127;answer
6096;10127;answer
6097;9793;ask
6098;10131;ask
6099;7966;ask
6100;5211;ask
6101;10138;ask
6102;3466;answer
6103;10141;ask
6104;5043;ask
6105;8275;answer
6107;8820;ask
6108;9167;ask
6109;10148;answer
6110;9766;ask
6111;10150;ask
6112;5084;answer
6113;9637;ask
6114;9943;answer
6115;9793;ask
6116;1127;ask
6117;8878;answer
6118;8275;answer
6119;10127;answer
6120;10170;ask
6122;9947;ask
6123;5043;ask
6124;8275;answer
6125;8152;answer
6126;9766;answer
6127;9637;answer
6129;843;answer
6130;7966;answer
6131;9974;answer
6132;7720;answer
6133;9793;ask
6134;5303;answer
6137;10201;ask
6139;10210;ask
6140;3151;ask
6141;3151;ask
6142;8878;answer
6143;5303;answer
6144;10187;ask
6145;8953;answer
6146;10225;ask
6147;9966;answer
6148;3466;answer
6149;5055;answer
6150;9039;ask
6151;5091;ask
6152;5091;answer
6153;10232;ask
6154;9943;answer
6156;816;answer
6157;2454;answer
6158;9956;answer
6159;9966;answer
6162;7848;answer
6165;10255;ask
6166;816;answer
6167;924;answer
6168;5091;answer
6169;5043;ask
6170;5279;answer
6172;9123;ask
6173;10270;answer
6174;10272;ask
6175;10275;ask
6176;10265;ask
6177;9966;answer
6178;609;answer
6179;9924;answer
6181;10293;ask
6182;9444;ask
6183;9486;ask
6184;6514;ask
6186;2673;ask
6187;3152;answer
6188;10102;ask
6189;10327;ask
6190;10300;ask
6191;10303;answer
6192;9724;ask
6193;10305;answer
6194;8275;answer
6195;10303;answer
6196;8462;answer
6197;8462;answer
6198;609;answer
6200;2643;ask
6201;10314;ask
6202;8999;ask
6203;7969;answer
6204;7969;answer
6205;982;ask
6206;9225;ask
6207;9966;answer
6208;10318;ask
6209;10322;ask
6210;9966;answer
6211;9943;answer
6212;9444;ask
6213;10335;ask
6214;9966;answer
6216;10344;ask
6217;10346;ask
6218;609;answer
6219;5091;answer
6220;10352;answer
6221;10352;answer
6222;10352;answer
6223;10352;answer
6224;10353;ask
6225;5091;answer
6226;9793;ask
6227;10171;ask
6228;9966;answer
6229;9966;answer
6230;5303;answer
6232;6527;ask
6233;10363;ask
6234;9424;answer
6235;8013;ask
6236;10365;ask
6237;8878;answer
6238;5091;answer
6239;9123;answer
6240;10314;answer
6242;5091;ask
6243;10381;ask
6244;10382;ask
6245;10383;answer
6247;10337;ask
6249;7980;answer
6251;2728;answer
6252;2728;answer
6253;10393;ask
6254;5224;ask
6255;10291;ask
6257;9202;ask
6258;10404;answer
6259;3151;ask
6260;10383;answer
6261;9424;answer
6264;10395;ask
6267;10409;ask
6268;5043;ask
6270;10413;ask
6271;5091;answer
6272;5091;answer
6273;10415;answer
6274;10416;ask
6275;97;answer
6276;2987;answer
6277;7980;answer
6279;8152;ask
6280;9793;ask
6281;9793;ask
6282;10391;answer
6283;3466;answer
6287;10299;answer
6288;916;answer
6289;10314;answer
6290;201;ask
6291;2728;answer
6292;10437;ask
6293;10314;answer
6294;10125;ask
6295;6514;ask
6297;9793;ask
6298;8878;answer
6300;9698;answer
6301;10429;ask
6303;10445;answer
6304;9793;ask
6305;10446;answer
6306;10446;answer
6308;5043;ask
6309;10446;answer
6310;10446;answer
6313;10451;answer
6314;10455;ask
6315;10365;answer
6316;10456;ask
6318;2489;ask
6321;10314;answer
6322;10460;ask
6323;8947;answer
6324;10462;answer
6325;10463;ask
6326;2728;answer
6327;10465;answer
6328;10465;ask
6329;10397;answer
6330;7980;answer
6331;10470;ask
6333;10427;answer
6335;9420;answer
6336;10479;answer
6338;10465;answer
6339;10479;ask
6340;9225;ask
6341;10487;ask
6342;10427;ask
6343;816;answer
6344;924;answer
6345;10171;ask
6346;381;answer
6347;9587;answer
6348;9986;answer
6349;9323;ask
6350;10487;ask
6354;5316;answer
6355;2576;ask
6356;9085;answer
6357;10506;answer
6358;10506;answer
6359;10506;answer
6360;10509;answer
6361;10510;ask
6363;10506;answer
6364;9420;answer
6365;10513;ask
6366;708;answer
6367;10515;ask
6368;10516;answer
6369;10517;answer
6370;10210;ask
6372;5091;answer
6374;10521;answer
6375;10523;ask
6376;10524;answer
6377;10524;answer
6378;4968;ask
6379;916;ask
6380;9793;ask
6381;9420;answer
6384;10531;ask
6385;2728;answer
6386;6534;answer
6387;3436;ask
6388;2750;answer
6389;10169;answer
6390;10536;answer
6391;9225;ask
6393;10532;ask
6394;10545;ask
6395;836;ask
6396;10427;answer
6398;10549;ask
6399;554;answer
6400;8865;answer
6401;708;answer
6403;708;answer
6404;10559;ask
6405;10560;ask
6406;10561;ask
6408;10568;answer
6409;9420;answer
6410;10584;ask
6412;10587;answer
6413;843;answer
6414;10327;ask
6415;10327;answer
6416;10327;answer
6417;2817;ask
6419;10327;answer
6420;10327;ask
6421;10592;answer
6422;10592;answer
6423;10596;ask
6424;10446;answer
6425;2576;answer
6426;10608;ask
6427;9793;ask
6428;9793;answer
6429;10327;answer
6430;947;answer
6431;10592;answer
6432;10587;answer
6433;10584;ask
6434;9420;answer
6435;10560;ask
6436;10624;ask
6437;10446;answer
6438;10627;ask
6439;10587;answer
6440;843;ask
6444;10361;answer
6446;9793;ask
6447;9793;ask
6448;9587;answer
6449;10659;ask
6450;8513;answer
6451;10327;answer
6452;9637;answer
6453;10669;ask
6454;7980;answer
6455;10667;answer
6456;10584;ask
6458;1085;answer
6459;10523;ask
6460;843;ask
6461;10446;answer
6462;10685;ask
6464;10694;ask
6466;7969;answer
6467;10701;ask
6468;947;answer
6470;10446;answer
6471;21;answer
6472;10094;ask
6473;8752;answer
6476;10717;ask
6477;10718;ask
6478;10314;ask
6479;10399;ask
6480;10723;ask
6481;7980;answer
6482;9420;answer
6484;9420;answer
6485;10701;answer
6486;2643;ask
6487;10727;answer
6490;10751;ask
6491;9420;answer
6492;10761;ask
6493;9956;answer
6494;8338;ask
6495;10767;ask
6496;5303;answer
6497;10383;answer
6498;3436;ask
6499;10383;answer
6500;10345;ask
6501;10774;ask
6503;8820;answer
6504;10780;ask
6505;10345;answer
6506;843;ask
6507;10416;ask
6508;989;ask
6509;10790;ask
6510;1127;ask
6511;10522;ask
6512;5224;answer
6513;10793;ask
6514;5224;answer
6515;5224;ask
6517;10620;answer
6518;9420;answer
6519;10799;ask
6521;9424;answer
6522;7714;answer
6523;10803;answer
6524;9420;answer
6525;10808;ask
6527;7980;answer
6528;10810;ask
6529;7980;answer
6530;10811;ask
6531;10813;ask
6532;10620;answer
6533;10815;ask
6534;7848;answer
6535;10171;answer
6536;5010;answer
6537;10451;answer
6538;10774;ask
6539;10823;ask
6543;406;answer
6544;10826;ask
6545;9420;answer
6546;10832;ask
6547;1406;ask
6548;10834;answer
6549;8878;answer
6550;10836;ask
6551;10094;answer
6552;10327;answer
6553;5279;ask
6554;10839;answer
6555;10846;ask
6556;9420;answer
6557;10327;answer
6558;9218;ask
6559;1406;answer
6561;289;ask
6562;8986;answer
6563;10816;answer
6564;8986;answer
6565;10861;answer
6566;10865;answer
6567;10865;answer
6569;10327;answer
6570;3314;ask
6572;9420;answer
6573;10327;answer
6574;10844;answer
6575;9135;ask
6576;10879;ask
6577;10881;ask
6578;10882;ask
6580;10884;answer
6581;8752;answer
6582;8752;answer
6583;5091;answer
6584;10891;answer
6585;10894;ask
6586;947;answer
6587;10899;ask
6588;10902;ask
6590;9061;ask
6591;10907;ask
6592;199;ask
6593;7738;answer
6594;10911;ask
6595;1133;ask
6597;10914;answer
6598;10169;answer
6599;201;answer
6600;10915;answer
6601;802;ask
6602;5211;ask
6603;5211;answer
6604;122;ask
6605;7980;answer
6606;21;answer
6607;201;answer
6608;10608;ask
6609;10936;answer
6610;10940;ask
6611;10943;ask
6612;843;ask
6615;21;answer
6616;3466;ask
6617;9424;answer
6618;10951;ask
6619;10936;answer
6620;;ask
6621;10962;ask
6622;10327;answer
6623;10964;ask
6624;10967;ask
6626;10949;ask
6627;9420;answer
6628;5091;answer
6629;10979;ask
6630;10982;ask
6631;10907;ask
6632;8840;ask
6633;10094;ask
6634;10983;ask
6635;843;ask
6638;9420;answer
6639;10990;ask
6640;2452;answer
6641;924;answer
6642;8016;ask
6643;10994;ask
6644;836;answer
6645;9793;ask
6646;10998;answer
6647;10949;answer
6648;11072;ask
6649;3314;ask
6650;381;answer
6651;843;answer
6653;836;answer
6654;5091;answer
6655;843;answer
6656;11021;ask
6657;11025;ask
6659;11028;ask
6660;11029;ask
6662;7714;answer
6663;7714;answer
6664;9253;answer
6665;1097;ask
6666;10169;answer
6667;964;answer
6669;10245;ask
6670;434;answer
6672;11054;answer
6673;11054;answer
6674;9893;ask
6675;8840;ask
6676;8774;ask
6677;9444;ask
6679;11063;ask
6680;11064;ask
6681;11066;ask
6682;11074;ask
6683;843;ask
6684;947;answer
6685;843;answer
6686;11077;ask
6687;10463;ask
6688;836;answer
6689;11080;answer
6690;9314;answer
6691;11082;ask
6692;3164;ask
6693;9793;ask
6694;8013;ask
6696;5091;answer
6698;5179;answer
6699;5091;answer
6700;8013;ask
6701;11094;ask
6702;8021;answer
6703;8021;answer
6704;11021;answer
6705;11077;answer
6707;11113;answer
6709;8013;ask
6710;10989;answer
6711;836;answer
6714;9420;answer
6715;11124;ask
6716;947;answer
6717;7980;answer
6718;843;answer
6719;8013;ask
6720;9814;answer
6721;133;ask
6722;10620;answer
6723;11131;ask
6724;11141;answer
6725;11142;answer
6726;11146;ask
6727;9035;ask
6728;11063;ask
6729;201;answer
6730;12151;ask
6731;10826;ask
6732;10327;answer
6734;12157;ask
6735;9793;ask
6736;201;ask
6737;4695;ask
6739;836;answer
6740;1324;ask
6741;9123;answer
6742;8013;ask
6743;10936;answer
6744;12172;ask
6745;7980;answer
6746;11114;answer
6747;9420;answer
6748;12177;ask
6749;12177;ask
6750;11074;ask
6751;12183;ask
6752;12184;answer
6753;12186;ask
6754;5091;answer
6755;5091;answer
6756;12189;answer
6757;12189;answer
6758;12192;answer
6759;12193;answer
6760;12240;ask
6761;12193;answer
6764;3070;answer
6765;12203;ask
6766;12202;ask
6767;11142;answer
6768;12206;ask
6769;12207;answer
6770;9424;answer
6771;12215;answer
6773;11094;ask
6774;12219;ask
6775;11141;ask
6776;;ask
6777;9698;answer
6778;843;ask
6781;12197;answer
6782;6550;answer
6783;10998;ask
6784;4815;answer
6785;12235;ask
6786;226;ask
6787;11074;ask
6788;12222;answer
6789;12250;ask
6790;10816;answer
6791;12256;ask
6792;12258;ask
6794;12265;ask
6795;12222;answer
6796;9420;answer
6797;10694;ask
6798;843;ask
6799;12275;answer
6800;843;answer
6801;12280;answer
6802;12280;answer
6803;12280;answer
